"year","country_id_o","country_id_d","iso3_o","iso3_d","iso3num_o","iso3num_d","country_exists_o","country_exists_d","gmt_offset_2020_o","gmt_offset_2020_d","distw_harmonic","distw_arithmetic","distw_harmonic_jh","distw_arithmetic_jh","dist","main_city_source_o","main_city_source_d","distcap","contig","diplo_disagreement","scaled_sci_2021","comlang_off","comlang_ethno","comcol","col45","legal_old_o","legal_old_d","legal_new_o","legal_new_d","comleg_pretrans","comleg_posttrans","transition_legalchange","comrelig","heg_o","heg_d","col_dep_ever","col_dep","col_dep_end_year","col_dep_end_conflict","empire","sibling_ever","sibling","sever_year","sib_conflict","pop_o","pop_d","gdp_o","gdp_d","gdpcap_o","gdpcap_d","pop_source_o","pop_source_d","gdp_source_o","gdp_source_d","gdp_ppp_o","gdp_ppp_d","gdpcap_ppp_o","gdpcap_ppp_d","pop_pwt_o","pop_pwt_d","gdp_ppp_pwt_o","gdp_ppp_pwt_d","gatt_o","gatt_d","wto_o","wto_d","eu_o","eu_d","fta_wto","fta_wto_raw","rta_coverage","rta_type","entry_cost_o","entry_cost_d","entry_proc_o","entry_proc_d","entry_time_o","entry_time_d","entry_tp_o","entry_tp_d","tradeflow_comtrade_o","tradeflow_comtrade_d","tradeflow_baci","manuf_tradeflow_baci","tradeflow_imf_o","tradeflow_imf_d"
2010,"DEU.1","AFG","DEU","AFG",280,4,0,1,,4.5,,,,,,"","",,,,,,,,,,1,,1,,,,,,0,,,,,"",,,,,,28397.812,,15936784.384,,0.561,,1,,1,,45555113.006,,1.582,,,,,,0,,0,,0,,,,,,26.7,,4,,7.5,,11.5,,,,,,
2011,"DEU.1","AFG","DEU","AFG",280,4,0,1,,4.5,,,,,,"","",,,,,,,,,,1,,1,,,,,,0,,,,,"",,,,,,29105.48,,17870159.872,,0.614,,1,,1,,49338254.431,,1.661,,,,,,0,,0,,0,,,,,,25.8,,4,,7.5,,11.5,,,,,,
2012,"DEU.1","AFG","DEU","AFG",280,4,0,1,,4.5,,,,,,"","",,,,,,,,,,1,,1,,,,,,0,,,,,"",,,,,,29824.535,,20506796.032,,0.688,,1,,1,,57500127.993,,1.873,,,,,,0,,0,,0,,,,,,22.5,,4,,7.5,,11.5,,,,,,
2013,"DEU.1","AFG","DEU","AFG",280,4,0,1,,4.5,,,,,,"","",,,,,,,,,,1,,1,,,,,,0,,,,,"",,,,,,30551.674,,20309671.936,,0.665,,1,,1,,59573450.332,,1.877,,,,,,0,,0,,0,,,,,,14.4,,3,,5.5,,8.5,,,,,,
2014,"DEU.1","AFG","DEU","AFG",280,4,0,1,,4.5,,,,,,"","",,,,,,,,,,1,,1,,,,,,0,,,,,"",,,,,,32758.018,,20050190.336,,0.612,,1,,1,,61435943.662,,1.875,,,,,,0,,0,,0,,,,,,15.1,,3,,7.5,,10.5,,,,,,
2015,"DEU.1","AFG","DEU","AFG",280,4,0,1,,4.5,,,,,,"","",,,,,,,,,,1,,1,,,,,,0,,,,,"",,,,,,33736.492,,19702986.752,,0.584,,1,,1,,62787809.846,,1.861,,,,,,0,,0,,0,,,,,,19,,3,,7.5,,10.5,,,,,,
2016,"DEU.1","AFG","DEU","AFG",280,4,0,1,,4.5,,,,,,"","",,,,,,,,,,1,,1,,,,,,0,,,,,"",,,,,,34656.033,,19469021.184,,0.562,,1,,1,,65033592.566,,1.877,,,,,,0,,1,,0,,,,,,19.9,,3,,7.5,,10.5,,,,,,
2017,"DEU.1","AFG","DEU","AFG",280,4,0,1,,4.5,,,,,,"","",,,,,,,,,,1,,1,,,,,,0,,,,,"",,,,,,36296.112,,18753469.63,,0.517,,,,,,74711922.906,,2.058,,,,,,0,,1,,0,,,,,,82.3,,4,,8.5,,12.5,,,,,,
2018,"DEU.1","AFG","DEU","AFG",280,4,0,1,,4.5,,,,,,"","",,,,,,,,,,1,,1,,,,,,0,,,,,"",,,,,,37171.921,,18053228.579,,0.486,,,,,,77406520.333,,2.082,,,,,,0,,1,,0,,,,,,6.4,,4,,8.5,,12.5,,,,,,
2019,"DEU.1","AFG","DEU","AFG",280,4,0,1,,4.5,,,,,,"","",,,,,,,,,,1,,1,,,,,,0,,,,,"",,,,,,38041.756,,18799450.743,,0.494,,,,,,81873098.235,,2.152,,,,,,0,,1,,0,,,,,,6.8,,4,,8.5,,12.5,,,,,,
2020,"DEU.1","AFG","DEU","AFG",280,4,0,1,,4.5,,,,,,"","",,,,,,,,,,1,,1,,,,,,0,,,,,"",,,,,,38928.341,,20116137.326,,0.517,,,,,,80911742.459,,2.078,,,,,,0,,1,,0,,,,,,,,,,,,,,,,,,
2021,"DEU.1","AFG","DEU","AFG",280,4,0,1,,4.5,,,,,,"","",,,,,,,,,,1,,1,,,,,,0,,,,,"",,,,,,39835.426,,,,,,,,,,,,,,,,,,0,,1,,0,,,,,,,,,,,,,,,,,,
2010,"DEU.1","ERI","DEU","ERI",280,232,0,1,,3,,,,,,"","",,,,,,,,,,1,,1,,,,,,0,,,,,"",,,,,,5741.159,,2117039.488,,0.369,,1,,1,,6093233.053,,1.388,,,,,,0,,0,,0,,,,,,69.2,,13,,84,,97,,,,,,
2011,"DEU.1","ERI","DEU","ERI",280,232,0,1,,3,,,,,,"","",,,,,,,,,,1,,1,,,,,,0,,,,,"",,,,,,5932.852,,2607739.904,,0.44,,1,,1,,6758835.465,,1.51,,,,,,0,,0,,0,,,,,,62.6,,13,,84,,97,,,,,,
2012,"DEU.1","ERI","DEU","ERI",280,232,0,1,,3,,,,,,"","",,,,,,,,,,1,,1,,,,,,0,,,,,"",,,,,,6130.922,,3091967.488,,0.504,,1,,1,,,,,,,,,,0,,0,,0,,,,,,52.3,,13,,84,,97,,,,,,
2013,"DEU.1","ERI","DEU","ERI",280,232,0,1,,3,,,,,,"","",,,,,,,,,,1,,1,,,,,,0,,,,,"",,,,,,6333.135,,3444097.536,,0.544,,1,,1,,,,,,,,,,0,,0,,0,,,,,,50.5,,13,,84,,97,,,,,,
2014,"DEU.1","ERI","DEU","ERI",280,232,0,1,,3,,,,,,"","",,,,,,,,,,1,,1,,,,,,0,,,,,"",,,,,,,,,,,,,,,,,,,,,,,,0,,0,,0,,,,,,41.5,,13,,84,,97,,,,,,
2015,"DEU.1","ERI","DEU","ERI",280,232,0,1,,3,,,,,,"","",,,,,,,,,,1,,1,,,,,,0,,,,,"",,,,,,,,,,,,,,,,,,,,,,,,0,,0,,0,,,,,,38.1,,13,,84,,97,,,,,,
2016,"DEU.1","ERI","DEU","ERI",280,232,0,1,,3,,,,,,"","",,,,,,,,,,1,,1,,,,,,0,,,,,"",,,,,,,,,,,,,,,,,,,,,,,,0,,0,,0,,,,,,37.6,,13,,84,,97,,,,,,
2017,"DEU.1","ERI","DEU","ERI",280,232,0,1,,3,,,,,,"","",,,,,,,,,,1,,1,,,,,,0,,,,,"",,,,,,,,,,,,,,,,,,,,,,,,0,,0,,0,,,,,,27,,13,,84,,97,,,,,,
2018,"DEU.1","ERI","DEU","ERI",280,232,0,1,,3,,,,,,"","",,,,,,,,,,1,,1,,,,,,0,,,,,"",,,,,,,,,,,,,,,,,,,,,,,,0,,0,,0,,,,,,23.7,,13,,84,,97,,,,,,
2019,"DEU.1","ERI","DEU","ERI",280,232,0,1,,3,,,,,,"","",,,,,,,,,,1,,1,,,,,,0,,,,,"",,,,,,,,,,,,,,,,,,,,,,,,0,,0,,0,,,,,,21.3,,13,,84,,97,,,,,,
2020,"DEU.1","ERI","DEU","ERI",280,232,0,1,,3,,,,,,"","",,,,,,,,,,1,,1,,,,,,0,,,,,"",,,,,,,,,,,,,,,,,,,,,,,,0,,0,,0,,,,,,,,,,,,,,,,,,
2021,"DEU.1","ERI","DEU","ERI",280,232,0,1,,3,,,,,,"","",,,,,,,,,,1,,1,,,,,,0,,,,,"",,,,,,,,,,,,,,,,,,,,,,,,0,,0,,0,,,,,,,,,,,,,,,,,,
2010,"DEU.1","IRN","DEU","IRN",280,364,0,1,,3.5,,,,,,"","",,,,,,,,,,1,,1,,,,,,0,,,,,"",,,,,,74462.311,,422567968.768,,5.675,,1,,1,,1274416526.702,,17.091,,74567.516,,1297367296,,0,,0,,0,,,,,,4.2,,8,,13.5,,21.5,,,,,,
2011,"DEU.1","IRN","DEU","IRN",280,364,0,1,,3.5,,,,,,"","",,,,,,,,,,1,,1,,,,,,0,,,,,"",,,,,,75424.286,,528426106.88,,7.006,,1,,1,,1349501772.423,,17.876,,75491.586,,1385074816,,0,,0,,0,,,,,,3.9,,8,,13.5,,21.5,,,,,,
2012,"DEU.1","IRN","DEU","IRN",280,364,0,1,,3.5,,,,,,"","",,,,,,,,,,1,,1,,,,,,0,,,,,"",,,,,,76424.446,,502729277.44,,6.578,,1,,1,,1283533116.527,,16.788,,76453.578,,1212243840,,0,,0,,0,,,,,,3.4,,9,,18.5,,27.5,,,,,,
2013,"DEU.1","IRN","DEU","IRN",280,364,0,1,,3.5,,,,,,"","",,,,,,,,,,1,,1,,,,,,0,,,,,"",,,,,,77447.166,,368904339.456,,4.763,,1,,1,,1279330315.164,,16.521,,77435.383,,1232048000,,0,,0,,0,,,,,,3.1,,9,,18.5,,27.5,,,,,,
2014,"DEU.1","IRN","DEU","IRN",280,364,0,1,,3.5,,,,,,"","",,,,,,,,,,1,,1,,,,,,0,,,,,"",,,,,,78411.095,,425326084.096,,5.424,,1,,1,,1358795357.283,,17.329,,78411.094,,1238168832,,0,,0,,0,,,,,,3.1,,8,,15.5,,23.5,,,,,,
2015,"DEU.1","IRN","DEU","IRN",280,364,0,1,,3.5,,,,,,"","",,,,,,,,,,1,,1,,,,,,0,,,,,"",,,,,,79360.489,,393436069.888,,4.958,,1,,1,,1352813692.104,,17.046,,79360.492,,1169164160,,0,,0,,0,,,,,,2.7,,8,,15.5,,23.5,,,,,,
2016,"DEU.1","IRN","DEU","IRN",280,364,0,1,,3.5,,,,,,"","",,,,,,,,,,1,,1,,,,,,0,,,,,"",,,,,,80277.428,,,,,,1,,,,,,,,80277.43,,1226960768,,0,,0,,0,,,,,,1.1,,8,,15.5,,23.5,,,,,,
2017,"DEU.1","IRN","DEU","IRN",280,364,0,1,,3.5,,,,,,"","",,,,,,,,,,1,,1,,,,,,0,,,,,"",,,,,,80673.889,,486630146.444,,6.032,,,,,,1281375169.177,,15.883,,81162.789,,1283918208,,0,,0,,0,,,,,,1.4,,10,,72.5,,82.5,,,,,,
2018,"DEU.1","IRN","DEU","IRN",280,364,0,1,,3.5,,,,,,"","",,,,,,,,,,1,,1,,,,,,0,,,,,"",,,,,,81800.201,,330991589.889,,4.046,,,,,,1282416955.88,,15.677,,,,,,0,,0,,0,,,,,,1.2,,10,,72.5,,82.5,,,,,,
2019,"DEU.1","IRN","DEU","IRN",280,364,0,1,,3.5,,,,,,"","",,,,,,,,,,1,,1,,,,,,0,,,,,"",,,,,,82913.895,,291362916.336,,3.514,,,,,,1287861399.6,,15.533,,,,,,0,,0,,0,,,,,,1.1,,10,,72.5,,82.5,,,,,,
2020,"DEU.1","IRN","DEU","IRN",280,364,0,1,,3.5,,,,,,"","",,,,,,,,,,1,,1,,,,,,0,,,,,"",,,,,,83992.95,,231547571.24,,2.757,,,,,,1326346118.342,,15.791,,,,,,0,,0,,0,,,,,,,,,,,,,,,,,,
2021,"DEU.1","IRN","DEU","IRN",280,364,0,1,,3.5,,,,,,"","",,,,,,,,,,1,,1,,,,,,0,,,,,"",,,,,,85028.763,,,,,,,,,,,,,,,,,,0,,0,,0,,,,,,,,,,,,,,,,,,
2010,"DEU.1","IRQ","DEU","IRQ",280,368,0,1,,3,,,,,,"","",,,,,,,,,,1,,1,,,,,,0,,,,,"",,,,,,30962.379,,138516725.76,,4.474,,1,,1,,383313651.24,,12.46,,30762.701,,289161248,,0,,0,,0,,,,,,92.5,,11,,30.5,,41.5,,,,,,
2011,"DEU.1","IRQ","DEU","IRQ",280,368,0,1,,3,,,,,,"","",,,,,,,,,,1,,1,,,,,,0,,,,,"",,,,,,31760.019,,185749667.84,,5.849,,1,,1,,420751532.115,,13.262,,31727.053,,386052544,,0,,0,,0,,,,,,102.3,,11,,30.5,,41.5,,,,,,
2012,"DEU.1","IRQ","DEU","IRQ",280,368,0,1,,3,,,,,,"","",,,,,,,,,,1,,1,,,,,,0,,,,,"",,,,,,32578.209,,216044306.432,,6.632,,1,,1,,488219872.854,,14.895,,32776.57,,436252064,,0,,0,,0,,,,,,70.5,,10,,27.5,,37.5,,,,,,
2013,"DEU.1","IRQ","DEU","IRQ",280,368,0,1,,3,,,,,,"","",,,,,,,,,,1,,1,,,,,,0,,,,,"",,,,,,33417.477,,229327290.368,,6.862,,1,,1,,528709451.803,,15.604,,33883.145,,544591424,,0,,0,,0,,,,,,36.7,,10,,27.5,,37.5,,,,,,
2014,"DEU.1","IRQ","DEU","IRQ",280,368,0,1,,3,,,,,,"","",,,,,,,,,,1,,1,,,,,,0,,,,,"",,,,,,35006.081,,234648371.2,,6.703,,1,,1,,541942436.785,,15.481,,35006.082,,559918912,,0,,0,,0,,,,,,35.9,,10,,27.5,,37.5,,,,,,
2015,"DEU.1","IRQ","DEU","IRQ",280,368,0,1,,3,,,,,,"","",,,,,,,,,,1,,1,,,,,,0,,,,,"",,,,,,36115.65,,179640205.312,,4.974,,1,,1,,574066425.592,,15.895,,36115.648,,556329216,,0,,0,,0,,,,,,37.4,,9,,34.5,,43.5,,,,,,
2016,"DEU.1","IRQ","DEU","IRQ",280,368,0,1,,3,,,,,,"","",,,,,,,,,,1,,1,,,,,,0,,,,,"",,,,,,37202.572,,171489001.472,,4.61,,1,,1,,645594060.844,,17.353,,37202.57,,643106560,,0,,0,,0,,,,,,51.9,,9,,34.5,,43.5,,,,,,
2017,"DEU.1","IRQ","DEU","IRQ",280,368,0,1,,3,,,,,,"","",,,,,,,,,,1,,1,,,,,,0,,,,,"",,,,,,37552.788,,187217660.051,,4.985,,,,,,395294585.902,,10.526,,38274.617,,646709952,,0,,0,,0,,,,,,43.3,,8,,26.5,,34.5,,,,,,
2018,"DEU.1","IRQ","DEU","IRQ",280,368,0,1,,3,,,,,,"","",,,,,,,,,,1,,1,,,,,,0,,,,,"",,,,,,38433.605,,227367469.034,,5.916,,,,,,415398418.148,,10.808,,,,,,0,,0,,0,,,,,,38.8,,8,,26.5,,34.5,,,,,,
2019,"DEU.1","IRQ","DEU","IRQ",280,368,0,1,,3,,,,,,"","",,,,,,,,,,1,,1,,,,,,0,,,,,"",,,,,,39309.788,,233636097.8,,5.943,,,,,,446142603.858,,11.349,,,,,,0,,0,,0,,,,,,34.2,,8,,26.5,,34.5,,,,,,
2020,"DEU.1","IRQ","DEU","IRQ",280,368,0,1,,3,,,,,,"","",,,,,,,,,,1,,1,,,,,,0,,,,,"",,,,,,40222.504,,184369797.315,,4.584,,,,,,400388682.214,,9.954,,,,,,0,,0,,0,,,,,,,,,,,,,,,,,,
2021,"DEU.1","IRQ","DEU","IRQ",280,368,0,1,,3,,,,,,"","",,,,,,,,,,1,,1,,,,,,0,,,,,"",,,,,,41179.352,,207889333.724,,5.048,,,,,,428633553.458,,10.409,,,,,,0,,0,,0,,,,,,,,,,,,,,,,,,
2010,"DEU.1","SYR","DEU","SYR",280,760,0,1,,2,,,,,,"","",,,,,,,,,,1,,1,,,,,,0,,,,,"",,,,,,21532.646,,,,,,1,,,,,,,,21018.834,,117000136,,0,,0,,0,,,,,,38.1,,7,,13.5,,20.5,,,,,,
2011,"DEU.1","SYR","DEU","SYR",280,760,0,1,,2,,,,,,"","",,,,,,,,,,1,,1,,,,,,0,,,,,"",,,,,,21961.676,,,,,,1,,,,,,,,20863.992,,116965880,,0,,0,,0,,,,,,17.1,,7,,13.5,,20.5,,,,,,
2012,"DEU.1","SYR","DEU","SYR",280,760,0,1,,2,,,,,,"","",,,,,,,,,,1,,1,,,,,,0,,,,,"",,,,,,22399.254,,,,,,1,,,,,,,,20420.699,,97870976,,0,,0,,0,,,,,,15.6,,7,,13.5,,20.5,,,,,,
2013,"DEU.1","SYR","DEU","SYR",280,760,0,1,,2,,,,,,"","",,,,,,,,,,1,,1,,,,,,0,,,,,"",,,,,,22845.551,,,,,,1,,,,,,,,19809.141,,81280944,,0,,0,,0,,,,,,12.5,,7,,13.5,,20.5,,,,,,
2014,"DEU.1","SYR","DEU","SYR",280,760,0,1,,2,,,,,,"","",,,,,,,,,,1,,1,,,,,,0,,,,,"",,,,,,19203.091,,,,,,1,,,,,,,,19203.09,,82947376,,0,,0,,0,,,,,,14.4,,7,,13.5,,20.5,,,,,,
2015,"DEU.1","SYR","DEU","SYR",280,760,0,1,,2,,,,,,"","",,,,,,,,,,1,,1,,,,,,0,,,,,"",,,,,,18734.987,,,,,,1,,,,,,,,18734.986,,81307000,,0,,0,,0,,,,,,8.5,,7,,13.5,,20.5,,,,,,
2016,"DEU.1","SYR","DEU","SYR",280,760,0,1,,2,,,,,,"","",,,,,,,,,,1,,1,,,,,,0,,,,,"",,,,,,18430.452,,,,,,1,,,,,,,,18430.453,,79915496,,0,,0,,0,,,,,,8.9,,7,,15.5,,22.5,,,,,,
2017,"DEU.1","SYR","DEU","SYR",280,760,0,1,,2,,,,,,"","",,,,,,,,,,1,,1,,,,,,0,,,,,"",,,,,,17095.669,,16340665.432,,0.956,,,,,,,,,,18269.869,,82263976,,0,,0,,0,,,,,,7.9,,7,,15.5,,22.5,,,,,,
2018,"DEU.1","SYR","DEU","SYR",280,760,0,1,,2,,,,,,"","",,,,,,,,,,1,,1,,,,,,0,,,,,"",,,,,,16945.063,,21445775.364,,1.266,,,,,,,,,,,,,,0,,0,,0,,,,,,7.6,,7,,15.5,,22.5,,,,,,
2019,"DEU.1","SYR","DEU","SYR",280,760,0,1,,2,,,,,,"","",,,,,,,,,,1,,1,,,,,,0,,,,,"",,,,,,17070.131,,,,,,,,,,,,,,,,,,0,,0,,0,,,,,,8.1,,7,,15.5,,22.5,,,,,,
2020,"DEU.1","SYR","DEU","SYR",280,760,0,1,,2,,,,,,"","",,,,,,,,,,1,,1,,,,,,0,,,,,"",,,,,,17500.656,,,,,,,,,,,,,,,,,,0,,0,,0,,,,,,,,,,,,,,,,,,
2021,"DEU.1","SYR","DEU","SYR",280,760,0,1,,2,,,,,,"","",,,,,,,,,,1,,1,,,,,,0,,,,,"",,,,,,18275.703,,,,,,,,,,,,,,,,,,0,,0,,0,,,,,,,,,,,,,,,,,,
2010,"DEU.2","AFG","DEU","AFG",276,4,1,1,1,4.5,4950,4961,4843,4856,4787,"UN_WUP_Largest","UN_WUP_Largest",4787,0,1.883,,0,0,0,0,4,1,3,1,0,0,0,0,0,0,0,0,,,"",0,0,,,81776.932,28397.812,3412008894.464,15936784.384,41.723,0.561,1,1,1,1,3210822959.588,45555113.006,39.263,1.582,80894.781,,3262929408,,1,0,1,0,1,0,0,0,,,5,26.7,9,4,14.5,7.5,23.5,11.5,358596.524,422289.588,320605.915,318447.813,,
2011,"DEU.2","AFG","DEU","AFG",276,4,1,1,1,4.5,4950,4961,4865,4877,4787,"UN_WUP_Largest","UN_WUP_Largest",4787,0,1.654,,0,0,0,0,4,1,3,1,0,0,0,0,0,0,0,0,,,"",0,0,,,81797.676,29105.48,3752110063.616,17870159.872,45.871,0.614,1,1,1,1,3427141297.692,49338254.431,42.693,1.661,80933.984,,3443508224,,1,0,1,0,1,0,0,0,,,4.8,25.8,9,4,14.5,7.5,23.5,11.5,395947.634,244398.439,364492.574,361675.406,,
2012,"DEU.2","AFG","DEU","AFG",276,4,1,1,1,4.5,4950,4961,4866,4878,4787,"UN_WUP_Largest","UN_WUP_Largest",4787,0,1.755,,0,0,0,0,4,1,3,1,0,0,0,0,0,0,0,0,,,"",0,0,,,80425.819,29824.535,3533242368,20506796.032,43.932,0.688,1,1,1,1,3503682457.58,57500127.993,43.564,1.873,81066.234,,3475096576,,1,0,1,0,1,0,0,0,,,5,22.5,9,4,14.5,7.5,23.5,11.5,380125.259,258010.815,364940.377,363295.938,,
2013,"DEU.2","AFG","DEU","AFG",276,4,1,1,1,4.5,4950,4961,,,4787,"UN_WUP_Largest","UN_WUP_Largest",4787,0,1.95,,0,0,0,0,4,1,3,1,0,0,0,0,0,0,0,0,,,"",0,0,,,80621.788,30551.674,3730260623.36,20309671.936,46.269,0.665,1,1,1,1,3647777961.341,59573450.332,45.232,1.877,81265.141,,3515384832,,1,0,1,0,1,0,0,0,,,5,14.4,9,3,14.5,5.5,23.5,8.5,217866.69,170779.239,213395.767,211830.188,,
2014,"DEU.2","AFG","DEU","AFG",276,4,1,1,1,4.5,4950,4961,,,4787,"UN_WUP_Largest","UN_WUP_Largest",4787,0,2.119,,0,0,0,0,4,1,3,1,0,0,0,0,0,0,0,0,,,"",0,0,,,80982.498,32758.018,3879276642.304,20050190.336,47.903,0.612,1,1,1,1,3810887355.866,61435943.662,47.058,1.875,81489.664,,3621184768,,1,0,1,0,1,0,0,0,,,8.9,15.1,9,3,14.5,7.5,23.5,10.5,153327.529,53230.942,150981.582,149944.344,,
2015,"DEU.2","AFG","DEU","AFG",276,4,1,1,1,4.5,4941,4952,,,4787,"UN_WUP_Largest","UN_WUP_Largest",4787,0,2.033,,0,0,0,0,4,1,3,1,0,0,0,0,0,0,0,0,,,"",0,0,,,81686.607,33736.492,3363599810.56,19702986.752,41.177,0.584,1,1,1,1,3920864425.449,62787809.846,47.999,1.861,81707.789,,3731792640,,1,0,1,0,1,0,0,0,,,2,19,9,3,10.5,7.5,19.5,10.5,89584.469,30984.393,89162.225,87813.117,,
2016,"DEU.2","AFG","DEU","AFG",276,4,1,1,1,4.5,4941,4952,,,4787,"UN_WUP_Largest","UN_WUP_Largest",4787,0,1.954,,0,0,0,0,4,1,3,1,0,0,0,0,0,0,0,0,,,"",0,0,,,82667.686,34656.033,3466756882.432,19469021.184,41.936,0.562,1,1,1,1,4028362431.411,65033592.566,48.73,1.877,81914.672,,3846866944,,1,0,1,1,1,0,0,0,,,1.9,19.9,9,3,10.5,7.5,19.5,10.5,55900.844,29431.041,56254.056,54748.684,,
2017,"DEU.2","AFG","DEU","AFG",276,4,1,1,1,4.5,4941,4952,,,4787,"UN_WUP_Largest","UN_WUP_Largest",4787,0,2.127,,0,0,0,0,4,1,3,1,0,0,0,0,0,0,0,0,,,"",0,0,,,82657.005,36296.112,3690849152.518,18753469.63,44.653,0.517,,,,,4386727409.192,74711922.906,53.071,2.058,82114.227,,3994907648,,1,0,1,1,1,0,0,0,,,6.8,82.3,9,4,8,8.5,17,12.5,94312.422,30766.391,89873.946,88412.203,,
2018,"DEU.2","AFG","DEU","AFG",276,4,1,1,1,4.5,4941,4952,,,4787,"UN_WUP_Largest","UN_WUP_Largest",4787,0,2.163,,0,0,0,0,4,1,3,1,0,0,0,0,0,0,0,0,,,"",0,0,,,82905.785,37171.921,3977289455.388,18053228.579,47.974,0.486,,,,,4579331237.559,77406520.333,55.235,2.082,,,,,1,0,1,1,1,0,0,0,,,6.5,6.4,9,4,8,8.5,17,12.5,95511.431,29612.949,92385.928,90915.938,,
2019,"DEU.2","AFG","DEU","AFG",276,4,1,1,1,4.5,4941,4952,,,4787,"UN_WUP_Largest","UN_WUP_Largest",4787,0,1.812,,0,0,0,0,4,1,3,1,0,0,0,0,0,0,0,0,,,"",0,0,,,83092.964,38041.756,3888326788.627,18799450.743,46.795,0.494,,,,,4624363265.513,81873098.235,55.653,2.152,,,,,1,0,1,1,1,0,0,0,,,6.5,6.8,9,4,8,8.5,17,12.5,73599.813,49676.638,75717.139,74948.523,,
2020,"DEU.2","AFG","DEU","AFG",276,4,1,1,1,4.5,4932,4944,,,4787,"UN_WUP_Largest","UN_WUP_Largest",4787,0,1.924,,0,0,0,0,4,1,3,1,0,0,0,0,0,0,0,0,,,"",0,0,,,83160.873,38928.341,3846413928.654,20116137.326,46.253,0.517,,,,,4560920212.744,80911742.459,54.845,2.078,,,,,1,0,1,1,1,0,0,0,,,,,,,,,,,79447.413,,79092.76,78632.461,,
2021,"DEU.2","AFG","DEU","AFG",276,4,1,1,1,4.5,4932,4944,,,4787,"UN_WUP_Largest","UN_WUP_Largest",4787,0,,,0,0,0,0,4,1,3,1,0,0,0,0,0,0,0,0,,,"",0,0,,,83129.288,39835.426,4223116205.969,,50.802,,,,,,4815479144.639,,57.928,,,,,,1,0,1,1,1,0,0,0,,,,,,,,,,,,,,,,
2010,"DEU.2","ERI","DEU","ERI",276,232,1,1,1,3,4754,4760,4728,4735,4700,"UN_WUP_Largest","UN_WUP_Largest",4700,0,1.754,,0,0,0,0,4,1,3,1,0,0,0,,0,0,0,0,,,"",0,0,,,81776.932,5741.159,3412008894.464,2117039.488,41.723,0.369,1,1,1,1,3210822959.588,6093233.053,39.263,1.388,80894.781,,3262929408,,1,0,1,0,1,0,0,0,,,5,69.2,9,13,14.5,84,23.5,97,25720.245,,24651.857,11920.083,25323.123,22568.598
2011,"DEU.2","ERI","DEU","ERI",276,232,1,1,1,3,4754,4760,4714,4721,4700,"UN_WUP_Largest","UN_WUP_Largest",4700,0,1.527,,0,0,0,0,4,1,3,1,0,0,0,,0,0,0,0,,,"",0,0,,,81797.676,5932.852,3752110063.616,2607739.904,45.871,0.44,1,1,1,1,3427141297.692,6758835.465,42.693,1.51,80933.984,,3443508224,,1,0,1,0,1,0,0,0,,,4.8,62.6,9,13,14.5,84,23.5,97,34004.779,,31168.595,15891.006,33519.727,29898.896
2012,"DEU.2","ERI","DEU","ERI",276,232,1,1,1,3,4754,4760,4712,4719,4700,"UN_WUP_Largest","UN_WUP_Largest",4700,0,1.688,,0,0,0,0,4,1,3,1,0,0,0,,0,0,0,0,,,"",0,0,,,80425.819,6130.922,3533242368,3091967.488,43.932,0.504,1,1,1,1,3503682457.58,,43.564,,81066.234,,3475096576,,1,0,1,0,1,0,0,0,,,5,52.3,9,13,14.5,84,23.5,97,34716.347,,33828.711,25072.438,34690.273,30954.354
2013,"DEU.2","ERI","DEU","ERI",276,232,1,1,1,3,4754,4760,,,4700,"UN_WUP_Largest","UN_WUP_Largest",4700,0,1.93,,0,0,0,0,4,1,3,1,0,0,0,,0,0,0,0,,,"",0,0,,,80621.788,6333.135,3730260623.36,3444097.536,46.269,0.544,1,1,1,1,3647777961.341,,45.232,,81265.141,,3515384832,,1,0,1,0,1,0,0,0,,,5,50.5,9,13,14.5,84,23.5,97,40133.994,,39280.836,22550.418,40056.668,35747.48
2014,"DEU.2","ERI","DEU","ERI",276,232,1,1,1,3,4754,4760,,,4700,"UN_WUP_Largest","UN_WUP_Largest",4700,0,1.942,,0,0,0,0,4,1,3,1,0,0,0,,0,0,0,0,,,"",0,0,,,80982.498,,3879276642.304,,47.903,,1,,1,,3810887355.866,,47.058,,81489.664,,3621184768,,1,0,1,0,1,0,0,0,,,8.9,41.5,9,13,14.5,84,23.5,97,25789.494,,24802.369,17553.113,25636.461,22880.801
2015,"DEU.2","ERI","DEU","ERI",276,232,1,1,1,3,4752,4758,,,4700,"UN_WUP_Largest","UN_WUP_Largest",4700,0,1.92,,0,0,0,0,4,1,3,1,0,0,0,,0,0,0,0,,,"",0,0,,,81686.607,,3363599810.56,,41.177,,1,,1,,3920864425.449,,47.999,,81707.789,,3731792640,,1,0,1,0,1,0,0,0,,,2,38.1,9,13,10.5,84,19.5,97,16256.713,,15319.194,15319.194,15655.211,13972.989
2016,"DEU.2","ERI","DEU","ERI",276,232,1,1,1,3,4752,4758,,,4700,"UN_WUP_Largest","UN_WUP_Largest",4700,0,1.955,,0,0,0,0,4,1,3,1,0,0,0,,0,0,0,0,,,"",0,0,,,82667.686,,3466756882.432,,41.936,,1,,1,,4028362431.411,,48.73,,81914.672,,3846866944,,1,0,1,0,1,0,0,0,,,1.9,37.6,9,13,10.5,84,19.5,97,11013.947,,10260.124,10114.026,9382.353,8374.295
2017,"DEU.2","ERI","DEU","ERI",276,232,1,1,1,3,4752,4758,,,4700,"UN_WUP_Largest","UN_WUP_Largest",4700,0,2.008,,0,0,0,0,4,1,3,1,0,0,0,,0,0,0,0,,,"",0,0,,,82657.005,,3690849152.518,,44.653,,,,,,4386727409.192,,53.071,,82114.227,,3994907648,,1,0,1,0,1,0,0,0,,,6.8,27,9,13,8,84,17,97,10425.415,,9880.346,9628.369,10709.56,9559.022
2018,"DEU.2","ERI","DEU","ERI",276,232,1,1,1,3,4752,4758,,,4700,"UN_WUP_Largest","UN_WUP_Largest",4700,0,1.958,,0,0,0,0,4,1,3,1,0,0,0,,0,0,0,0,,,"",0,0,,,82905.785,,3977289455.388,,47.974,,,,,,4579331237.559,,55.235,,,,,,1,0,1,0,1,0,0,0,,,6.5,23.7,9,13,8,84,17,97,15907.115,,14984.845,14529.869,15600.184,13924.292
2019,"DEU.2","ERI","DEU","ERI",276,232,1,1,1,3,4752,4758,,,4700,"UN_WUP_Largest","UN_WUP_Largest",4700,0,1.95,,0,0,0,0,4,1,3,1,0,0,0,,0,0,0,0,,,"",0,0,,,83092.964,,3888326788.627,,46.795,,,,,,4624363265.513,,55.653,,,,,,1,0,1,0,1,0,0,0,,,6.5,21.3,9,13,8,84,17,97,14487.907,,13215.881,13194.252,14364.433,12821.317
2020,"DEU.2","ERI","DEU","ERI",276,232,1,1,1,3,4750,4756,,,4700,"UN_WUP_Largest","UN_WUP_Largest",4700,0,2.011,,0,0,0,0,4,1,3,1,0,0,0,,0,0,0,0,,,"",0,0,,,83160.873,,3846413928.654,,46.253,,,,,,4560920212.744,,54.845,,,,,,1,0,1,0,1,0,0,0,,,,,,,,,,,6634.72,,6081.2,5661.694,6597.837,5889.061
2021,"DEU.2","ERI","DEU","ERI",276,232,1,1,1,3,4750,4756,,,4700,"UN_WUP_Largest","UN_WUP_Largest",4700,0,,,0,0,0,0,4,1,3,1,0,0,0,,0,0,0,0,,,"",0,0,,,83129.288,,4223116205.969,,50.802,,,,,,4815479144.639,,57.928,,,,,,1,0,1,0,1,0,0,0,,,,,,,,,,,,,,,,
2010,"DEU.2","IRN","DEU","IRN",276,364,1,1,1,3.5,3764,3802,3868,3922,3512,"UN_WUP_Largest","UN_WUP_Largest",3512,0,3.091,,0,0,0,0,4,1,3,1,0,0,0,0.001,0,0,0,0,,,"",0,0,,,81776.932,74462.311,3412008894.464,422567968.768,41.723,5.675,1,1,1,1,3210822959.588,1274416526.702,39.263,17.091,80894.781,74567.516,3262929408,1297367296,1,0,1,0,1,0,0,0,,,5,4.2,9,8,14.5,13.5,23.5,21.5,5099374.741,4463503.897,5609164.281,5500797.5,5010909,4484300
2011,"DEU.2","IRN","DEU","IRN",276,364,1,1,1,3.5,3764,3802,3864,3917,3512,"UN_WUP_Largest","UN_WUP_Largest",3512,0,2.596,,0,0,0,0,4,1,3,1,0,0,0,0.001,0,0,0,0,,,"",0,0,,,81797.676,75424.286,3752110063.616,528426106.88,45.871,7.006,1,1,1,1,3427141297.692,1349501772.423,42.693,17.876,80933.984,75491.586,3443508224,1385074816,1,0,1,0,1,0,0,0,,,4.8,3.9,9,8,14.5,13.5,23.5,21.5,4383569.28,3927399.711,4763843.773,4646867.5,4287260,3843096.25
2012,"DEU.2","IRN","DEU","IRN",276,364,1,1,1,3.5,3764,3802,3854,3907,3512,"UN_WUP_Largest","UN_WUP_Largest",3512,0,2.888,,0,0,0,0,4,1,3,1,0,0,0,0.001,0,0,0,0,,,"",0,0,,,80425.819,76424.446,3533242368,502729277.44,43.932,6.578,1,1,1,1,3503682457.58,1283533116.527,43.564,16.788,81066.234,76453.578,3475096576,1212243840,1,0,1,0,1,0,0,0,,,5,3.4,9,9,14.5,18.5,23.5,27.5,3301820.085,,3155624.719,2737956.75,3244743,3027873.75
2013,"DEU.2","IRN","DEU","IRN",276,364,1,1,1,3.5,3764,3802,,,3512,"UN_WUP_Largest","UN_WUP_Largest",3512,0,2.674,,0,0,0,0,4,1,3,1,0,0,0,0.001,0,0,0,0,,,"",0,0,,,80621.788,77447.166,3730260623.36,368904339.456,46.269,4.763,1,1,1,1,3647777961.341,1279330315.164,45.232,16.521,81265.141,77435.383,3515384832,1232048000,1,0,1,0,1,0,0,0,,,5,3.1,9,9,14.5,18.5,23.5,27.5,2495189.099,2293669.92,2807437.281,2448649,2447712.5,2293680.25
2014,"DEU.2","IRN","DEU","IRN",276,364,1,1,1,3.5,3764,3802,,,3512,"UN_WUP_Largest","UN_WUP_Largest",3512,0,3.002,,0,0,0,0,4,1,3,1,0,0,0,0.001,0,0,0,0,,,"",0,0,,,80982.498,78411.095,3879276642.304,425326084.096,47.903,5.424,1,1,1,1,3810887355.866,1358795357.283,47.058,17.329,81489.664,78411.094,3621184768,1238168832,1,0,1,0,1,0,0,0,,,8.9,3.1,9,8,14.5,15.5,23.5,23.5,3224429.966,2454489.838,3579644.75,2496004.75,3164413.75,2454489.75
2015,"DEU.2","IRN","DEU","IRN",276,364,1,1,1,3.5,3764,3803,,,3512,"UN_WUP_Largest","UN_WUP_Largest",3512,0,2.69,,0,0,0,0,4,1,3,1,0,0,0,0.001,0,0,0,0,,,"",0,0,,,81686.607,79360.489,3363599810.56,393436069.888,41.177,4.958,1,1,1,1,3920864425.449,1352813692.104,47.999,17.046,81707.789,79360.492,3731792640,1169164160,1,0,1,0,1,0,0,0,,,2,2.7,9,8,10.5,15.5,19.5,23.5,2330584.827,1815455.808,2374152.344,1991183.375,2269952,1815455.75
2016,"DEU.2","IRN","DEU","IRN",276,364,1,1,1,3.5,3764,3803,,,3512,"UN_WUP_Largest","UN_WUP_Largest",3512,0,3.26,,0,0,0,0,4,1,3,1,0,0,0,0.001,0,0,0,0,,,"",0,0,,,82667.686,80277.428,3466756882.432,,41.936,,1,1,1,,4028362431.411,,48.73,,81914.672,80277.43,3846866944,1226960768,1,0,1,0,1,0,0,0,,,1.9,1.1,9,8,10.5,15.5,19.5,23.5,2893877.907,2533501.991,2999343.219,2646335,2835728.25,2533502
2017,"DEU.2","IRN","DEU","IRN",276,364,1,1,1,3.5,3764,3803,,,3512,"UN_WUP_Largest","UN_WUP_Largest",3512,0,2.831,,0,0,0,0,4,1,3,1,0,0,0,0.001,0,0,0,0,,,"",0,0,,,82657.005,80673.889,3690849152.518,486630146.444,44.653,6.032,,,,,4386727409.192,1281375169.177,53.071,15.883,82114.227,81162.789,3994907648,1283918208,1,0,1,0,1,0,0,0,,,6.8,1.4,9,10,8,72.5,17,82.5,3401246.39,3069833.229,3438982.148,3315646,3351056.25,3072069.5
2018,"DEU.2","IRN","DEU","IRN",276,364,1,1,1,3.5,3764,3803,,,3512,"UN_WUP_Largest","UN_WUP_Largest",3512,0,3.172,,0,0,0,0,4,1,3,1,0,0,0,0.001,0,0,0,0,,,"",0,0,,,82905.785,81800.201,3977289455.388,330991589.889,47.974,4.046,,,,,4579331237.559,1282416955.88,55.235,15.677,,,,,1,0,1,0,1,0,0,0,,,6.5,1.2,9,10,8,72.5,17,82.5,3231941.75,2451766.032,3072265.551,3028957,3188192.75,2451766
2019,"DEU.2","IRN","DEU","IRN",276,364,1,1,1,3.5,3764,3803,,,3512,"UN_WUP_Largest","UN_WUP_Largest",3512,0,2.929,,0,0,0,0,4,1,3,1,0,0,0,0.001,0,0,0,0,,,"",0,0,,,83092.964,82913.895,3888326788.627,291362916.336,46.795,3.514,,,,,4624363265.513,1287861399.6,55.653,15.533,,,,,1,0,1,0,1,0,0,0,,,6.5,1.1,9,10,8,72.5,17,82.5,1729537.492,,1632946.641,1508970.375,1691162.125,1329490
2020,"DEU.2","IRN","DEU","IRN",276,364,1,1,1,3.5,3766,3805,,,3512,"UN_WUP_Largest","UN_WUP_Largest",3512,0,3.156,,0,0,0,0,4,1,3,1,0,0,0,0.001,0,0,0,0,,,"",0,0,,,83160.873,83992.95,3846413928.654,231547571.24,46.253,2.757,,,,,4560920212.744,1326346118.342,54.845,15.791,,,,,1,0,1,0,1,0,0,0,,,,,,,,,,,1780980.294,,1684933.844,1364169.375,1760294.625,1450646.5
2021,"DEU.2","IRN","DEU","IRN",276,364,1,1,1,3.5,3766,3805,,,3512,"UN_WUP_Largest","UN_WUP_Largest",3512,0,,,0,0,0,0,4,1,3,1,0,0,0,0.001,0,0,0,0,,,"",0,0,,,83129.288,85028.763,4223116205.969,,50.802,,,,,,4815479144.639,,57.928,,,,,,1,0,1,0,1,0,0,0,,,,,,,,,,,,,,,,
2010,"DEU.2","IRQ","DEU","IRQ",276,368,1,1,1,3,3420,3439,3448,3476,3264,"UN_WUP_Largest","UN_WUP_Largest",3264,0,1.83,,0,0,0,0,4,1,3,1,0,0,0,0.006,0,0,0,0,,,"",0,0,,,81776.932,30962.379,3412008894.464,138516725.76,41.723,4.474,1,1,1,1,3210822959.588,383313651.24,39.263,12.46,80894.781,30762.701,3262929408,289161248,1,0,1,0,1,0,0,0,,,5,92.5,9,11,14.5,30.5,23.5,41.5,1201437.534,,1063900.842,1056365.625,1182603.375,1253559.625
2011,"DEU.2","IRQ","DEU","IRQ",276,368,1,1,1,3,3420,3439,3444,3471,3264,"UN_WUP_Largest","UN_WUP_Largest",3264,0,1.601,,0,0,0,0,4,1,3,1,0,0,0,0.006,0,0,0,0,,,"",0,0,,,81797.676,31760.019,3752110063.616,185749667.84,45.871,5.849,1,1,1,1,3427141297.692,420751532.115,42.693,13.262,80933.984,31727.053,3443508224,386052544,1,0,1,0,1,0,0,0,,,4.8,102.3,9,11,14.5,30.5,23.5,41.5,1614677.07,,1036140.002,1025373.125,1555590.5,1648926
2012,"DEU.2","IRQ","DEU","IRQ",276,368,1,1,1,3,3420,3439,3430,3458,3264,"UN_WUP_Largest","UN_WUP_Largest",3264,0,1.762,,0,0,0,0,4,1,3,1,0,0,0,0.006,0,0,0,0,,,"",0,0,,,80425.819,32578.209,3533242368,216044306.432,43.932,6.632,1,1,1,1,3503682457.58,488219872.854,43.564,14.895,81066.234,32776.57,3475096576,436252064,1,0,1,0,1,0,0,0,,,5,70.5,9,10,14.5,27.5,23.5,37.5,1655940.18,,1464081.257,1450002.625,1629568.75,1727342.875
2013,"DEU.2","IRQ","DEU","IRQ",276,368,1,1,1,3,3420,3439,,,3264,"UN_WUP_Largest","UN_WUP_Largest",3264,0,2.015,,0,0,0,0,4,1,3,1,0,0,0,0.006,0,0,0,0,,,"",0,0,,,80621.788,33417.477,3730260623.36,229327290.368,46.269,6.862,1,1,1,1,3647777961.341,528709451.803,45.232,15.604,81265.141,33883.145,3515384832,544591424,1,0,1,0,1,0,0,0,,,5,36.7,9,10,14.5,27.5,23.5,37.5,1861097.204,,1722301.203,1707844.75,1836087.375,1946252.625
2014,"DEU.2","IRQ","DEU","IRQ",276,368,1,1,1,3,3420,3439,,,3264,"UN_WUP_Largest","UN_WUP_Largest",3264,0,2.193,,0,0,0,0,4,1,3,1,0,0,0,0.006,0,0,0,0,,,"",0,0,,,80982.498,35006.081,3879276642.304,234648371.2,47.903,6.703,1,1,1,1,3810887355.866,541942436.785,47.058,15.481,81489.664,35006.082,3621184768,559918912,1,0,1,0,1,0,0,0,,,8.9,35.9,9,10,14.5,27.5,23.5,37.5,1539805.478,403575.933,1481587.342,1464799.875,1526900.75,1618514.875
2015,"DEU.2","IRQ","DEU","IRQ",276,368,1,1,1,3,3417,3436,,,3264,"UN_WUP_Largest","UN_WUP_Largest",3264,0,2.193,,0,0,0,0,4,1,3,1,0,0,0,0.006,0,0,0,0,,,"",0,0,,,81686.607,36115.65,3363599810.56,179640205.312,41.177,4.974,1,1,1,1,3920864425.449,574066425.592,47.999,15.895,81707.789,36115.648,3731792640,556329216,1,0,1,0,1,0,0,0,,,2,37.4,9,9,10.5,34.5,19.5,43.5,1119056.424,,1030316.57,1011046.125,1101321.25,1167400.5
2016,"DEU.2","IRQ","DEU","IRQ",276,368,1,1,1,3,3417,3436,,,3264,"UN_WUP_Largest","UN_WUP_Largest",3264,0,2.311,,0,0,0,0,4,1,3,1,0,0,0,0.006,0,0,0,0,,,"",0,0,,,82667.686,37202.572,3466756882.432,171489001.472,41.936,4.61,1,1,1,1,4028362431.411,645594060.844,48.73,17.353,81914.672,37202.57,3846866944,643106560,1,0,1,0,1,0,0,0,,,1.9,51.9,9,9,10.5,34.5,19.5,43.5,778289.384,,725347.1,703614.938,768973.938,815112.438
2017,"DEU.2","IRQ","DEU","IRQ",276,368,1,1,1,3,3417,3436,,,3264,"UN_WUP_Largest","UN_WUP_Largest",3264,0,2.061,,0,0,0,0,4,1,3,1,0,0,0,0.006,0,0,0,0,,,"",0,0,,,82657.005,37552.788,3690849152.518,187217660.051,44.653,4.985,,,,,4386727409.192,395294585.902,53.071,10.526,82114.227,38274.617,3994907648,646709952,1,0,1,0,1,0,0,0,,,6.8,43.3,9,8,8,26.5,17,34.5,759130.405,,738122.477,714723.75,747910.625,792785.25
2018,"DEU.2","IRQ","DEU","IRQ",276,368,1,1,1,3,3417,3436,,,3264,"UN_WUP_Largest","UN_WUP_Largest",3264,0,2.146,,0,0,0,0,4,1,3,1,0,0,0,0.006,0,0,0,0,,,"",0,0,,,82905.785,38433.605,3977289455.388,227367469.034,47.974,5.916,,,,,4579331237.559,415398418.148,55.235,10.808,,,,,1,0,1,0,1,0,0,0,,,6.5,38.8,9,8,8,26.5,17,34.5,874807.732,,852631.125,825726.313,843891.188,894524.688
2019,"DEU.2","IRQ","DEU","IRQ",276,368,1,1,1,3,3417,3436,,,3264,"UN_WUP_Largest","UN_WUP_Largest",3264,0,2.148,,0,0,0,0,4,1,3,1,0,0,0,0.006,0,0,0,0,,,"",0,0,,,83092.964,39309.788,3888326788.627,233636097.8,46.795,5.943,,,,,4624363265.513,446142603.858,55.653,11.349,,,,,1,0,1,0,1,0,0,0,,,6.5,34.2,9,8,8,26.5,17,34.5,1158091.753,,1135738.906,1107696.625,1102925.625,1169101.125
2020,"DEU.2","IRQ","DEU","IRQ",276,368,1,1,1,3,3417,3435,,,3264,"UN_WUP_Largest","UN_WUP_Largest",3264,0,2.215,,0,0,0,0,4,1,3,1,0,0,0,0.006,0,0,0,0,,,"",0,0,,,83160.873,40222.504,3846413928.654,184369797.315,46.253,4.584,,,,,4560920212.744,400388682.214,54.845,9.954,,,,,1,0,1,0,1,0,0,0,,,,,,,,,,,1074718.416,,1037517.658,1009032.813,1041248.062,1103723
2021,"DEU.2","IRQ","DEU","IRQ",276,368,1,1,1,3,3417,3435,,,3264,"UN_WUP_Largest","UN_WUP_Largest",3264,0,,,0,0,0,0,4,1,3,1,0,0,0,0.006,0,0,0,0,,,"",0,0,,,83129.288,41179.352,4223116205.969,207889333.724,50.802,5.048,,,,,4815479144.639,428633553.458,57.928,10.409,,,,,1,0,1,0,1,0,0,0,,,,,,,,,,,,,,,,
2010,"DEU.2","SYR","DEU","SYR",276,760,1,1,1,2,2809,2821,2829,2841,2598,"UN_WUP_Largest","UN_WUP_Largest",2794,0,3.047,,0,0,0,0,4,1,3,1,0,0,0,0.006,0,0,0,0,,,"",0,0,,,81776.932,21532.646,3412008894.464,,41.723,,1,1,1,,3210822959.588,,39.263,,80894.781,21018.834,3262929408,117000136,1,0,1,0,1,0,1,1,1,4,5,38.1,9,7,14.5,13.5,23.5,20.5,879651.529,738634.993,916230.673,906541.063,872273.5,3043320.25
2011,"DEU.2","SYR","DEU","SYR",276,760,1,1,1,2,2809,2821,2827,2840,2598,"UN_WUP_Largest","UN_WUP_Largest",2794,0,2.651,,0,0,0,0,4,1,3,1,0,0,0,0.006,0,0,0,0,,,"",0,0,,,81797.676,21961.676,3752110063.616,,45.871,,1,1,1,,3427141297.692,,42.693,,80933.984,20863.992,3443508224,116965880,1,0,1,0,1,0,1,1,1,4,4.8,17.1,9,7,14.5,13.5,23.5,20.5,784588.892,,726838.865,698031,759908.625,825071.688
2012,"DEU.2","SYR","DEU","SYR",276,760,1,1,1,2,2809,2821,2830,2843,2598,"UN_WUP_Largest","UN_WUP_Largest",2794,0,2.906,,0,0,0,0,4,1,3,1,0,0,0,0.006,0,0,0,0,,,"",0,0,,,80425.819,22399.254,3533242368,,43.932,,1,1,1,,3503682457.58,,43.564,,81066.234,20420.699,3475096576,97870976,1,0,1,0,1,0,1,1,1,4,5,15.6,9,7,14.5,13.5,23.5,20.5,278126.59,,251642.074,249347.281,263803.938,335149.438
2013,"DEU.2","SYR","DEU","SYR",276,760,1,1,1,2,2809,2821,,,2598,"UN_WUP_Largest","UN_WUP_Largest",2794,0,2.939,,0,0,0,0,4,1,3,1,0,0,0,0.006,0,0,0,0,,,"",0,0,,,80621.788,22845.551,3730260623.36,,46.269,,1,1,1,,3647777961.341,,45.232,,81265.141,19809.141,3515384832,81280944,1,0,1,0,1,0,1,1,1,4,5,12.5,9,7,14.5,13.5,23.5,20.5,98054.508,,94165.965,81005.219,96455.961,61184.883
2014,"DEU.2","SYR","DEU","SYR",276,760,1,1,1,2,2809,2821,,,2598,"UN_WUP_Largest","UN_WUP_Largest",2794,0,2.95,,0,0,0,0,4,1,3,1,0,0,0,0.006,0,0,0,0,,,"",0,0,,,80982.498,19203.091,3879276642.304,,47.903,,1,1,1,,3810887355.866,,47.058,,81489.664,19203.09,3621184768,82947376,1,0,1,0,1,0,1,1,1,4,8.9,14.4,9,7,14.5,13.5,23.5,20.5,91308.643,,83714.577,81793.203,88466.047,58885.848
2015,"DEU.2","SYR","DEU","SYR",276,760,1,1,1,2,2829,2840,,,2794,"UN_WUP_Largest","UN_WUP_Largest",2794,0,2.811,,0,0,0,0,4,1,3,1,0,0,0,0.006,0,0,0,0,,,"",0,0,,,81686.607,18734.987,3363599810.56,,41.177,,1,1,1,,3920864425.449,,47.999,,81707.789,18734.986,3731792640,81307000,1,0,1,0,1,0,1,1,1,4,2,8.5,9,7,10.5,13.5,19.5,20.5,69793.34,,65767.019,64615.871,67886.633,58951.66
2016,"DEU.2","SYR","DEU","SYR",276,760,1,1,1,2,2829,2840,,,2794,"UN_WUP_Largest","UN_WUP_Largest",2794,0,3.258,,0,0,0,0,4,1,3,1,0,0,0,0.006,0,0,0,0,,,"",0,0,,,82667.686,18430.452,3466756882.432,,41.936,,1,1,1,,4028362431.411,,48.73,,81914.672,18430.453,3846866944,79915496,1,0,1,0,1,0,1,1,1,4,1.9,8.9,9,7,10.5,15.5,19.5,22.5,60624.734,,57832.902,55571.402,57030.449,39553.723
2017,"DEU.2","SYR","DEU","SYR",276,760,1,1,1,2,2829,2840,,,2794,"UN_WUP_Largest","UN_WUP_Largest",2794,0,3.117,,0,0,0,0,4,1,3,1,0,0,0,0.006,0,0,0,0,,,"",0,0,,,82657.005,17095.669,3690849152.518,16340665.432,44.653,0.956,,,,,4386727409.192,,53.071,,82114.227,18269.869,3994907648,82263976,1,0,1,0,1,0,1,1,1,4,6.8,7.9,9,7,8,15.5,17,22.5,91112.219,,86934.013,84534.734,89711.844,55441.785
2018,"DEU.2","SYR","DEU","SYR",276,760,1,1,1,2,2829,2840,,,2794,"UN_WUP_Largest","UN_WUP_Largest",2794,0,3.048,,0,0,0,0,4,1,3,1,0,0,0,0.006,0,0,0,0,,,"",0,0,,,82905.785,16945.063,3977289455.388,21445775.364,47.974,1.266,,,,,4579331237.559,,55.235,,,,,,1,0,1,0,1,0,1,1,1,4,6.5,7.6,9,7,8,15.5,17,22.5,106121.904,,101002.11,97960.125,103494.266,89977.562
2019,"DEU.2","SYR","DEU","SYR",276,760,1,1,1,2,2829,2840,,,2794,"UN_WUP_Largest","UN_WUP_Largest",2794,0,3.139,,0,0,0,0,4,1,3,1,0,0,0,0.006,0,0,0,0,,,"",0,0,,,83092.964,17070.131,3888326788.627,,46.795,,,,,,4624363265.513,,55.653,,,,,,1,0,1,0,1,0,1,1,1,4,6.5,8.1,9,7,8,15.5,17,22.5,98932.652,,94289.268,92357.445,97820.07,83236.375
2020,"DEU.2","SYR","DEU","SYR",276,760,1,1,1,2,2817,2829,,,2794,"UN_WUP_Largest","UN_WUP_Largest",2794,0,3.218,,0,0,0,0,4,1,3,1,0,0,0,0.006,0,0,0,0,,,"",0,0,,,83160.873,17500.656,3846413928.654,,46.253,,,,,,4560920212.744,,54.845,,,,,,1,0,1,0,1,0,1,1,1,4,,,,,,,,,68656.889,,64122.662,63181.77,67145.055,66351.242
2021,"DEU.2","SYR","DEU","SYR",276,760,1,1,1,2,2817,2829,,,2794,"UN_WUP_Largest","UN_WUP_Largest",2794,0,,,0,0,0,0,4,1,3,1,0,0,0,0.006,0,0,0,0,,,"",0,0,,,83129.288,18275.703,4223116205.969,,50.802,,,,,,4815479144.639,,57.928,,,,,,1,0,1,0,1,0,1,1,1,4,,,,,,,,,,,,,,
